,Jan,Feb,Mar,Apr,May,Jun,Jul,Aug,Sep,Oct,Nov,Dec
ABW,25.214327130307144,25.15916987852857,25.44019208645357,25.839735847921425,26.058126177096423,26.16638837560357,26.494420733392847,26.99456787094286,27.30193219851429,27.198112487903575,26.70765250089642,25.83140672983214
AFG,-1.3176499867769453,1.5136499857931205,6.508558091563252,12.122643752081645,17.538630168030522,22.53465757838924,24.691299910997646,22.92455066525887,18.018476867825246,11.59243025974917,4.8529151553551575,-0.18173230479952046
AGO,23.887148389304343,23.946893135073843,24.078001911325078,23.814747425108003,22.69860816112182,21.306612074127873,21.242443250215178,22.959208162211336,25.11910603176647,25.68132504773649,24.786504591637033,24.07461979108867
ALB,6.052463349790607,6.778387523811512,8.919838678085359,12.198169890145476,16.479806809315477,21.261943271815472,24.726327805915485,24.45449211446666,19.715959821450003,14.379248119750482,9.923925490499524,7.271595909489832
AND,8.785665239633571,9.479131426132144,10.824868338582856,12.832859584214285,15.767558507078567,19.59274074040714,22.470312935685705,22.260216849321427,19.218331473399996,15.259169442257145,11.740152631475004,9.549895150414287
ARE,17.56820974579745,20.018983178951526,24.65691764977704,29.658905340443884,33.860258763945914,37.084832950243374,37.851346230399486,36.81662298685817,34.20575340437653,29.447545576843368,23.824745178111222,18.86652358670102
ARG,20.636240990595375,20.191020326658208,18.006368962225192,14.389796215069556,10.739385866760363,8.333221403906487,7.831360282279107,9.091245210976526,11.361818806376363,14.035045518809218,17.0120244914279,19.454129648976448
ARM,-1.5974788119512426,-0.17965175081630877,3.445742143856036,8.21236376082193,13.358625793497927,18.293775721537855,22.149304852792856,21.805818612387863,16.360330636272145,10.098982892750929,3.9328397478328996,0.026139831397902935
ASM,28.288068499642858,28.494337899007142,28.523503985132148,28.435259138325,27.989954267517845,27.292148044853576,26.730613708214285,26.554397582849994,26.738265991367864,27.141940525167858,27.596585954967857,27.992304120842856
ATG,25.129855019512508,24.71382849538393,24.67983845326071,25.025353022614286,25.634575980242854,26.227610452023217,26.782398224046432,27.301798683594644,27.53543254290357,27.37930243363929,26.807138715292865,25.913369859969638
AUS,27.338835415618668,26.781202344261356,25.362382546043968,22.69638938784318,19.176820426738654,16.297473377089883,15.545219959050522,17.197620200312794,20.248542548417664,23.445154787088192,25.63317854161591,26.890332389755986
AUT,0.1479037394739338,0.9394456938917041,3.275607716004688,7.050096883455908,11.790333536705388,16.036448094382468,18.30251530226331,17.165012904839937,12.955625955300878,8.13596056661159,3.900072073011588,1.1826880318442246
AZE,1.7926607006663995,2.8639297486758695,5.890084006476739,10.076997831225778,14.966850974420812,19.863170078646426,23.518961225111365,23.136798808998375,18.390772040001625,12.847865216295391,7.211337201006188,3.443251969079155
BDI,20.50689079655595,21.14927636988214,21.55356270914524,21.61755225736071,21.187109810982147,20.77732522112024,20.92111496686905,21.862364995845237,22.390958150491663,21.748300824392857,20.69443148661667,20.222205025520235
BEL,4.178563617485126,4.538157690209048,5.917069752980774,8.565423874663214,12.040496462657677,15.606682913701784,17.730494544725598,17.097221192738097,14.183769771001192,10.29090336403881,7.026128496450001,4.991824740401905
BEN,24.05907521928884,26.566914967756695,29.376423699260272,30.04775701243661,28.982789584335716,27.850952285032132,26.75667353994509,26.037893023073217,26.58336530399285,27.179583004287505,26.39147812989287,24.160363061079465
BFA,22.910533905421943,25.79421934810051,29.316805313852296,31.180595631826783,30.760388743860705,29.575604808390306,28.26043086105638,27.228135011427046,27.75054464537424,28.04436267135765,26.23361478558954,23.125025378947445
BGD,17.03577793703932,19.768644823167072,23.65140511631571,27.02494376073142,28.495700291004994,28.25278788978465,27.044157627999997,26.449010794458218,25.680377415121068,23.570459202234993,20.233461870390077,17.341220856191892
BGR,2.695091519911248,3.6319040570730636,6.404568399581918,10.583042145117812,15.485148838235713,20.27273872969018,23.44882474671116,22.996660232339284,17.819953101128124,12.06153692499643,7.0577635084144195,4.082874843215661
BHR,16.07763562888572,18.35872650147143,22.444670540703566,26.78942108179643,31.163113184917854,35.12539454868572,36.87447030185357,36.352212088603565,33.58822958808572,28.82926940904643,22.705450876025,17.47830527236786
BHS,24.012550899191073,23.688806942303575,23.86152335589286,24.61481162448884,25.766716276170083,26.975680759821877,27.842741012820536,28.226650510495535,28.129724638691517,27.410605294536158,26.172772270782144,24.90818227996116
BIH,3.1299674626204275,3.98096011934977,6.378547668488693,10.029385339457022,14.556496211204106,19.1420742216125,22.17912492273809,21.672376723436315,16.915873391822025,11.630709330092916,7.137175060222323,4.318335396866136
BLR,-5.723276099470047,-5.2226163124350204,-1.279046039190375,5.13194352747133,12.067483396135176,17.14915263865357,19.51427124906122,17.782123020153318,12.027130905472143,5.946133360579158,0.4840934130949703,-3.5860724936069905
BLZ,22.965982709835714,23.687574931708035,25.571089335513392,27.459554944793755,27.886265345420536,27.570246015788392,27.68141773799197,27.8176904407625,27.23374639214464,25.988948276753568,24.590438025266966,23.35686329368661
BMU,19.237731933225,18.753009251560716,18.726401193189282,19.39907291945,20.97980499193571,23.374468122471427,25.396997724178572,26.323577880799995,25.967572893132143,24.39781624878929,22.16195351780357,20.30576760393214
BOL,22.637986434519878,22.406403304236363,21.834100077689605,20.792330146273635,19.087381865164353,17.441859224043,17.559547882909023,20.263501704727133,23.212722204275885,23.918007412928493,23.549320048776536,22.973069269681506
BRA,26.274798121776687,26.285041399369085,26.069757136105416,25.391451216719737,24.24641042237892,23.163928850171747,23.329747162836497,25.239404748281753,27.33814532695166,27.9551405492649,27.348350312239194,26.553134247950933
BRB,25.347020830346427,24.96954127753214,24.996167864696428,25.3724506924893,25.92732456739643,26.441932678100006,26.93521009160714,27.442510332321433,27.66272299681071,27.50210898253215,27.002167838042855,26.11850302529643
BRN,25.967217854819644,25.96434947400804,26.480597632160713,26.955366679172325,27.212427684144643,27.155717032192847,26.905692236608935,26.87293488644553,26.856786183336595,26.718904495973216,26.629941395086608,26.358544758263395
BTN,4.083520253396506,6.7888470604071305,11.110725402660094,15.597358340729405,18.387586139477857,19.226513998852084,18.724271502172915,18.092630477533515,16.541285197016254,12.897512707924523,8.147831326522956,4.6680652074028375
BWA,25.00187864768631,24.401232992083635,23.50789242681801,21.490291958236014,18.133254732323067,15.445977801645133,15.219042414729127,18.156827563091976,22.87041514247321,25.87143416670313,25.886875424887055,25.43032005880654
CAF,24.280984270640523,26.24504563087802,27.555548783205634,26.93552193230879,25.91214089913448,25.234640645735713,24.84442805203187,24.547920477861,24.74663409568956,25.038806160384613,24.771751278346564,23.781848363123903
CAN,-20.562086616385677,-20.45295422576211,-15.852395091168615,-7.56493250377273,1.194310622935863,7.655822700357413,10.470157625145257,8.462096290595976,3.0815119946258065,-3.6690283801359347,-10.760814059279266,-16.751738211393555
CHE,1.0114989508096637,1.7595874241963538,3.6858753021411514,6.852497282623572,10.970260075010955,14.994140807002974,17.22278831180893,16.237321580905355,12.526061285418097,8.076058524010296,4.294623965292321,1.941274733740892
CHL,14.220973442514666,14.335123354204923,13.187500525543195,10.84876093571838,8.402066717338979,6.650324860413938,6.013769539134218,6.47823843650977,7.6591289869846095,9.273023430140771,11.165219307262415,13.000078396176649
CHN,-8.665359106407765,-5.657774274438958,0.2869650905029641,6.725093384462584,12.270259936104111,16.705973894063394,18.841047835241735,17.408892952450103,12.58041285588738,5.991077573634947,-0.9072969605260729,-6.835437256716866
CIV,25.358151260308414,27.279833969164798,28.795826114306376,28.63862158296556,27.680006688910968,26.61824603958878,25.650180738840046,25.168541343286734,25.527482791644896,26.107681119094135,26.164720029081376,25.142106192889536
CMR,23.677374703166215,25.54158265242872,27.15828287029762,27.083110083228572,26.307944843372468,25.646775473039884,25.05180940160714,24.669046447383923,24.94865680847306,25.28738585010357,24.803340276411014,23.465006238133036
COD,23.59457360119276,24.355937740917717,24.646524746255924,24.315869967604506,23.72075874011204,23.18151909272554,23.382845287202407,24.216466302948582,24.88031168577857,24.636671196939975,23.75556221695808,23.220164394213356
COG,25.04526008848615,25.869271823400222,26.118584428684596,25.67724888656361,25.262700694059824,25.074566636616517,25.187155519488392,25.26644986015089,25.25407552752746,25.06186471631898,24.694868564203798,24.494113241495086
COL,25.37212407224589,25.956699071500264,26.193946402588832,25.828907939316704,25.059709112540265,24.464449773887317,24.72987752609732,25.824667657688035,26.296190534366332,26.010902459684026,25.485100419242503,25.184677614785183
COM,28.068264552646433,28.136438641971434,28.36980329225715,28.343322753678574,27.541762215046422,26.31661442365,25.390565054914294,25.053400312110714,25.208188738578574,25.910515921717856,26.969365801478574,27.872508457553568
CPV,22.06153815195774,21.61242203466488,21.81037884666667,22.208491371044648,22.612734840420238,23.31640116359285,24.31949942445476,25.232900347320243,25.69502221972858,25.61888013546726,24.794320968893455,23.334235055043447
CRI,26.71586593341173,27.03612845307551,27.640037536459186,28.176105110294902,27.99507841798827,27.263201499752558,27.122485725492357,27.359838524348465,27.394938566443876,27.11175147858214,26.887229920039797,26.735311702583676
CUB,24.381964646261363,24.231466417168182,24.718832536663314,25.788182741591232,26.888831993081492,27.806913202906816,28.549958068414934,28.827320148170124,28.510908646846094,27.660662068894162,26.460242531743177,25.201565036461368
CYM,25.553957257939285,25.234692164878577,25.472157069510722,26.26398250003928,27.153891427085718,27.786324637410708,28.367817470567864,28.682000296296433,28.583885193246427,28.126296996575,27.303381783414284,26.313194275435716
CYP,12.250425066169731,12.422405787910268,13.747430801312591,16.000113623405355,19.182484490634824,22.623494829286606,25.472970690222322,26.17755235946339,24.1007690428259,20.633745739002677,16.627383913519648,13.690357208338396
CZE,-0.08921281104550285,0.5757465666895877,2.975709824291686,7.048261854248572,12.05084543382036,16.210182675031348,18.28990827281746,16.97964332196508,12.788622174878133,7.982915605785754,3.6932715763637622,0.9423403058068004
DEU,1.4808378490875111,1.8755189078175802,3.6325004033914445,6.971123123240017,11.258749226008536,15.114725167241161,17.154589898149464,16.19491773343786,12.81096033379973,8.599938419766731,4.872268077288082,2.4549497877272657
DJI,21.595336913529763,23.066796076264286,25.458356584453572,27.67469533283691,29.397818429521426,30.428031920958336,29.427311125116663,28.517188299669048,28.702216739052382,26.759853544558332,24.201140994471427,22.158729190225
DMA,25.26592254621071,24.856203351467855,24.833759853028567,25.182858057592863,25.778259277099995,26.343958173232142,26.868640354807145,27.37985556449643,27.61704690061428,27.469533647557142,26.92614746106786,26.044727870532146
DNK,1.5914828891048363,1.2970584688270501,2.4132899328839916,5.374680201053125,9.568481990302383,13.523826871424374,15.781956173162891,15.23725464181399,12.41774595388363,8.76898992643137,5.4008880796861245,2.905448277818718
DOM,25.257709140392855,25.02219118395774,25.162656511522624,25.629379635961307,26.259746551628574,26.913112821825592,27.517133077078572,27.926882788786315,27.963489533194046,27.5639279684625,26.84042431097976,25.939076196347024
DZA,11.2936563826262,13.99899085805868,18.06184020452319,22.16765045116545,26.38206346407332,30.10282434075367,32.012100249052466,31.14502066516593,27.579297540356617,22.23944788467723,16.13654249359539,11.906589346309255
ECU,23.706075177805477,23.94072905088358,24.106342279120003,24.155228169611906,23.842705572026667,23.283784993152377,23.150766135980234,23.51638205415738,23.552573140788336,23.45062154140762,23.466420346435,23.55134313726547
EGY,13.137405542792488,15.009501600629777,18.55552735208127,22.323763342675388,26.015691720014285,29.187804674900583,30.538364189581753,30.305174161632547,27.761723021237835,23.748710985571527,18.33508695547037,14.225530764694662
ERI,22.351859138312495,23.79852031586993,26.359384355190773,28.773557208430958,30.515883037139286,31.66337866987143,30.947334108311015,30.086274828347022,30.05701328479316,28.471004303986906,25.73014422895029,23.13981764691577
ESP,10.746248451624783,11.259346503719739,12.385363690278657,13.972174211165527,16.422065603075286,19.682075500583007,22.44435730652392,22.594186989357357,20.3885939292632,16.807939306966325,13.602282833385363,11.542672558304728
EST,-5.798071316586809,-6.115741048925683,-3.070862088959403,2.549325534377878,8.688005174870002,13.755405561770976,16.290741920666427,14.767610822479417,10.13435731628366,5.037186213929945,0.34723826819186693,-3.5510696683917886
ETH,22.430782068193338,23.991120356574815,25.619691237527217,26.149157755878182,25.718645603798652,25.365871827248935,24.485667283632434,24.191167558800878,24.697398418270847,24.09282799203504,23.0239492584806,22.202116830460422
FIN,-11.889890806988086,-11.801154630275816,-7.946348513583598,-1.4581196306834492,5.015836204787105,10.83626461031962,13.20357857431903,11.075646945100258,6.136750323473514,0.6933438438502046,-4.745146887622515,-9.388951659604867
FJI,27.59909384550804,28.037190573498215,28.02493422402768,27.545964104615184,26.53456905956786,25.389055252130362,24.536434173674998,24.247604914920537,24.467623029345535,25.009851182811612,25.848015649454464,26.7953395842375
FRA,5.787683858612503,6.33971094573913,7.737647878241256,10.063280774742424,13.273379900273852,16.96145583645292,19.456256156616558,19.0456324657039,16.010058151276006,11.975177913796767,8.635492233872641,6.594316754817422
FRO,5.764702388217857,5.572862352707321,5.708463396255536,6.4185344151967865,7.6109864371973215,9.314609527600357,10.925776345458928,11.366579873256427,10.403683798631963,8.603749411452322,7.071292877214643,6.139151436930178
FSM,28.096126011653563,27.967120579221433,28.044207254971433,28.177356174817852,28.28428468212738,28.349296570280952,28.376919700536906,28.459663390713086,28.453207833623814,28.398735772916663,28.42139471129881,28.374812897791664
GAB,25.46645237842665,26.065349956046436,26.427792895243414,26.28322785730605,25.922918130848622,25.587955013720883,25.317736531068956,25.25787722473489,25.421810443558247,25.46894719096181,25.26165209766071,25.151690388210987
GBR,5.588575570104906,5.60725394115216,6.355843069996598,8.05150268546477,10.459315054732627,13.194499468266958,14.938542043957,14.718644671416007,12.914377049154513,10.174215087985242,7.784093279142655,6.232088012702481
GEO,0.3907165525750735,1.2062300080201551,4.1645911080317,8.673538363694437,13.621915077997398,18.202828543641836,21.773399975744386,21.853900364953574,16.609237204256125,10.898894485465409,5.570067736544999,2.101139924994173
GHA,25.438185736764574,27.45861471226667,29.25995054679434,29.31730152297678,28.364601225739587,27.326860064418753,26.3596893493744,25.76999310083363,26.147168386682136,26.718757447912196,26.61431149065149,25.319149743817857
GIB,12.198219299315356,13.067974635110714,14.71906171565,16.80899483785714,19.93857138530357,23.804021562782143,27.016940525210718,26.993948800124997,24.37072971930714,19.744559151907144,15.602343967846428,13.037900652424996
GIN,24.632667938087337,26.617758416243834,28.568685061187328,29.081287830239937,28.525259042464285,27.30319124663182,26.1380504258815,25.535154664982468,25.884983012809737,26.521613381222405,26.309547523489933,24.680778998337342
GMB,24.858540126366076,26.85202189838929,29.12125342217679,30.417909894907144,30.593571799067856,30.025575910003575,29.032914843078572,28.384108407212494,28.765408107117853,29.280003139173214,28.243226732394646,25.466029575516067
GNB,26.33117348789643,27.18529864754732,28.085877826747318,28.288464137126777,28.087950297472315,27.771938868283033,27.295566831161608,26.845775604164285,27.123263223046433,27.763433456299108,27.93097005575803,26.778349467392854
GNQ,25.50271824432946,26.13036128439464,26.445676803617857,26.232942581066965,25.824695042248216,25.420617511927684,25.137596947974117,25.059915270358932,25.183408737098212,25.232700620100896,25.194799151031255,25.20639228859732
GRC,9.622267102624127,9.912105075842572,11.435214572595177,13.974587758364345,17.513846564103368,21.688627091971433,24.983897133482344,25.255039215430948,21.840610624861114,17.54317595458814,13.591153826510515,11.005210634054166
GRD,25.514857701074998,25.327813284792853,25.540966578982143,26.013347080871434,26.463684082253575,26.753531319828575,27.09996141716071,27.557078769624997,27.69197409476428,27.50732530888928,26.986114502007133,26.181943621039288
GRL,-27.21545104204805,-27.438827499371836,-25.589109474329128,-20.205475324487363,-12.291477656628203,-6.066611971107244,-3.6290520879673487,-5.797719135104094,-12.077095144310118,-18.041382955678326,-22.520792300529333,-25.676815198810882
GTM,23.115735268360712,23.957687533761224,25.94404804451275,27.81530964134898,28.053169405878577,27.479745825827045,27.55073812073316,27.62264672058776,26.958417308450503,25.78347856132092,24.553518645662756,23.422676086679083
GUM,26.809090750639278,26.48714011106429,26.6305509294,27.13504028264286,27.69922528962142,28.216303144660717,28.42615727040715,28.532269069199998,28.607063293192862,28.560756138592858,28.21496146100714,27.487832205182144
GUY,26.832172720616427,27.415738459805002,28.14692055858179,28.175224958220006,27.12489133561607,25.906959534016785,26.087445831169283,27.671669115603574,29.094806017133568,29.196896470789284,28.129890769094285,27.059761374395002
HKG,16.61959620894643,18.293724059889286,21.296139308107144,24.287196567921434,26.468750000300002,27.619467598946418,27.882048470974986,27.758555820989283,26.978814260957154,24.744187491167857,21.496368408139286,17.9342019217
HND,24.56891656282381,25.09605129212381,26.32579197972461,27.559159778199994,27.718976702288092,27.17405579614484,27.234614175273013,27.416644262794446,27.14842320994563,26.48337712424127,25.63901774069206,24.84920198980159
HRV,3.4557418823513517,4.278329249854245,6.598411778141787,10.13310503280675,14.574014281848894,19.102244786434287,22.111229269633217,21.622535705618215,17.037636239394992,11.863953290592997,7.4364388602809655,4.6297337125060745
HTI,25.470419202975002,25.315321786365185,25.549450193163384,26.11691311438125,26.75236783678929,27.38715716751875,27.996051243251788,28.339517593763386,28.25700841678036,27.763338361487495,27.019506726729457,26.117054258310713
HUN,0.07718372333890984,1.052831513451723,3.8966516765695483,8.271508489569241,13.405102184813751,17.86004856683393,20.389748845400444,19.378406797495096,14.460887500341071,9.05758939455616,4.293597902567162,1.2872837611536816
IDN,27.425496666061587,27.404766976971455,27.63250849751745,27.83129183125755,27.855130135913818,27.598535219481562,27.26231979200774,27.18175565658071,27.328578861586553,27.559671998506357,27.697455794179746,27.624032680985557
IMN,4.305258614542143,4.497671944707143,5.651451111050713,7.949451991451071,10.917100088820716,14.005834307660717,15.539784022614286,14.765171596192857,12.486232212289286,9.303833007810356,6.612803867912858,4.884437561015714
IND,15.968594407435848,18.291495042398548,22.01249329755181,25.71869826259269,28.04191824684353,28.325956081388856,26.844978043899694,25.810764423691104,24.73577665772359,22.54438253178672,19.38418982270887,16.48282044090883
IRL,6.556644575904376,6.530940191945224,7.163263184727812,8.641095978743929,10.777091299221519,13.261875969810268,14.847212383518748,14.69204929912009,13.198838642723663,10.765723091906564,8.565395900214641,7.141772679028749
IRN,5.336162665495892,7.815936300508389,12.402947847775518,17.68570587751296,23.069469175592754,28.074851471046667,30.249976968753224,28.727067023076938,24.273946364549477,18.19571287344986,11.305598917532421,6.437876734745607
IRQ,5.884629222420851,8.572171728760825,13.4138212479756,18.8781265805765,24.50415654859108,29.865259605769115,32.630907222184995,31.69582366980143,26.77972717324428,20.098390470302515,12.27172927871214,7.023692212754126
ISL,-1.2664570580951475,-1.595178422454938,-0.9900160289932654,0.9006616501601583,3.496094476609251,5.897358758070387,7.744651067797976,7.739497411855714,6.048542022728333,3.651524407538595,1.3684489840956078,-0.3235330127786892
ISR,10.141617693352929,11.646795654326569,14.809916469792144,18.54673331118857,22.583797128066433,26.372796195237136,28.578742762318573,28.646560014752858,25.780364772614288,21.24681832473428,15.494374738118283,11.370331682692788
ITA,8.573927597817793,8.871068536604529,10.134036763547474,12.307852136872594,15.505412765002035,19.334230876885957,22.294220152006783,22.497863841862024,19.560231090970298,15.71509748161992,12.178783162687555,9.719582294362796
JAM,26.085562569462496,25.7919376919625,25.883876255803568,26.378058296803577,26.99172810215,27.532877786083933,28.061416626160714,28.417497907323217,28.417104993266076,28.131258283285717,27.604767390803577,26.775568280376785
JOR,7.928042820407805,10.186265595098977,14.352843148389287,18.9984342614,23.76083592005867,28.183791647248977,30.413115520506633,30.062567263147958,26.299285888740826,20.66949229382551,13.747601411396683,9.010510970061175
JPN,5.848777398173746,6.044690253888136,8.434525998702378,12.026564835014051,15.745792331381287,19.22530866915694,21.941656986805828,22.958133554372733,21.14422148518761,16.794206921137228,12.038114590373466,8.178325050744231
KAZ,-8.118683180829041,-6.469806711369267,-0.632213308675598,7.180069294039085,15.10460713281806,21.262514197574152,24.11468543701754,21.8895144782385,14.828659300573715,6.530736335477555,-0.6145433068093281,-5.850150665690441
KEN,24.739235271004873,25.73019855040552,26.34490248464269,26.001320231865577,24.935187550322404,24.21992462922987,23.72773316607127,24.013567144071267,24.805986032573866,24.944607028592703,24.253676575684416,24.06041578774188
KGZ,-8.828713825940232,-6.520403998360119,-1.3320505958235764,4.636474972765498,10.026129858710588,14.700190862279372,17.59849430270309,16.26380765984158,10.781340462669494,3.9262508210383062,-2.193695431676773,-7.108594394701624
KHM,23.621832384251782,25.298127419889642,27.68348737405785,28.898668234792147,28.549498748852148,27.542859758386786,26.933508627947504,26.72561340359143,26.503139931312507,26.02085669411607,25.105297960693928,23.7568212233875
KIR,26.14840371335357,26.194856916250007,26.267451695460718,26.41528647306786,26.725565228982152,26.89162445019642,26.482843671582142,25.894271850464285,25.531436375124997,25.572329929999995,25.84943607881786,26.061514718617854
KNA,24.99378749245715,24.57145363894286,24.52591705313571,24.867847987992857,25.490892682314286,26.111262730457145,26.696156092928568,27.223741804478575,27.453818185192862,27.289071219007145,26.688129970589284,25.782011849407144
KOR,2.0263398033145643,2.939776420483693,6.566564014896433,10.970900535534645,15.295797347956249,19.218590600665625,22.0822196687634,23.03068828590312,20.539761951989732,15.485138893289244,9.937129974427663,4.840700694449393
KWT,11.80253383078238,14.62667483376512,19.496421450613095,24.73086547831191,30.05079977836191,34.997397649796426,37.16227358865357,36.27592213918691,32.241209121060706,26.305737813265473,18.79464503702024,13.071982610707739
LAO,16.863263665863023,19.79166346956857,24.14771561404762,27.175355820534044,27.369855244566907,26.146685355293577,25.338964625772853,24.972865368389282,24.079930986400235,22.044648524628805,19.506228928004997,17.002468799195096
LBN,9.48417009651143,10.573044913444289,13.297897338599997,17.039688110625,21.383165632353574,25.545307704467856,28.162699018349993,28.221048627425002,25.05433981805,20.291138785485714,14.619931902095,10.774777003512499
LBR,26.31465612088572,27.33613559218036,28.026084354955355,27.81287329523259,27.178817749530804,26.39666625427098,25.628354617445094,25.243347712878574,25.491375378383033,26.007019179517865,26.35927595400983,26.142266137189285
LBY,11.464106910257673,13.730595608308539,17.656964418532844,21.70569048146652,25.660219270361864,28.993880116341014,30.012669349192354,29.266500648272455,26.318460250303254,22.013328455357016,16.420215217765566,12.305842321855678
LCA,25.34234946145,24.96454838284464,24.99868828978571,25.38127572191072,25.938710348480356,26.457129342014287,26.954474313380356,27.441232953830358,27.640602656862505,27.471591949432145,26.980086735175,26.11341694387321
LIE,-0.18795340404717856,0.46522521994423555,2.4399087089656786,5.8995906285610715,10.296335492698928,14.315962655457147,16.33727155427857,15.175775800421428,11.510486057966073,7.141796657075714,3.267687116312857,0.7994188580981428
LKA,26.860525948242138,27.14953678689285,28.221809169177863,29.328048487537142,29.47304098969501,28.523975045072152,27.938650948677857,27.76000039194785,27.745763506125,27.766939871802865,27.64235512869714,27.175420052411425
LSO,20.330811091281248,20.034701756531245,18.93168285905179,16.485091890858925,12.823327745692323,10.192538670003929,9.915624618455984,12.254758289960177,15.628695624275892,17.737239837833037,18.833483832191963,19.90040888092143
LTU,-3.042166418020307,-2.987951317482429,-0.17447927029699267,5.09935511381602,11.131887319332247,15.858136391259848,18.259137678731122,16.871899196238775,12.103329405607964,6.886777293930663,2.1703525465311517,-1.235832681514853
LUX,2.7935725621064647,3.4346934728128566,5.179917471635714,8.272144862545357,12.112229483054282,15.824786595328566,17.795039585817857,16.793727330114283,13.447495597028574,9.207107543914644,5.690867832697857,3.5657512119935713
LVA,-4.230066208532331,-4.3824805608602775,-1.5020242116642881,3.8811440846024383,10.015044923802579,14.857641431730432,17.356445433918495,15.936745295145672,11.25446743463869,6.115696256147143,1.4349764869456183,-2.1969612969759162
MAC,16.61959620894643,18.293724059889286,21.296139308107144,24.287196567921434,26.468750000300002,27.619467598946418,27.882048470974986,27.758555820989283,26.978814260957154,24.744187491167857,21.496368408139286,17.9342019217
MAR,11.357065636900643,13.158959361443197,15.79462193058984,18.4604146145791,21.56722177737179,24.86634728574304,27.690277154014645,27.569548688241973,24.696013259865897,20.072030149963215,15.273533957724803,12.03359614747684
MCO,6.328267778564286,6.893639700899643,8.347649710369643,10.668619428119642,14.005117144228572,17.893571036067858,20.834250314021432,20.70268249491429,17.33439527266071,13.137103489507142,9.586321149376785,7.272011893053214
MDA,-0.5839120048187185,0.25526101260740286,3.649630301173493,8.965912955188855,14.87629307344429,19.78436715291857,22.719967433369998,21.76481279650786,16.128975569028572,9.959058053482716,4.463934762126669,1.0192940849297183
MDG,26.346965332181576,26.369903434216855,26.13015136725543,25.314189671295143,23.75436902763315,22.211761431327428,21.444876796193856,21.81471413741872,23.111734270623142,24.755093906848142,25.75859004424957,26.172214224453143
MDV,27.885249546952227,27.82481588612009,28.10362734105535,28.66737406591429,28.877300126477234,28.558781760193295,28.236409595687945,28.123351233387943,28.099442618847775,28.092134475807146,28.216136114870977,28.108991350818748
MEX,16.190672213445122,17.22210459264312,19.336358301022763,22.05010396940973,24.379694553365876,25.94688676580763,26.59381958029141,26.549004838832854,25.265204885640788,22.63258178862875,19.407835016710127,16.784915378822074
MHL,26.910802568378056,26.73117174434132,26.897984407161232,27.20072516607704,27.512881220323468,27.817142409026022,28.025531846509697,28.22661030072194,28.311681007880612,28.222330209843875,27.945195412258165,27.439154800022447
MKD,4.730523245724973,5.568105643056799,7.949860491157,11.533408028861071,16.02267107307714,20.82801818864929,24.207551356749295,23.854182651572142,18.857329014525,13.304918779698287,8.679124886752001,5.970799909445546
MLI,19.737978675556324,22.716770791184747,26.648108444703325,29.981170456285973,32.069054690608695,32.75274187526851,32.21885874310731,31.219099663935804,30.457481334832966,28.51349503607646,24.33090683036185,20.234330164385767
MLT,14.596578325210713,14.396454947878572,14.89647347595,15.987821306614284,18.008277892775,20.950872148053573,23.904485429582138,25.10896083304643,23.760286603946433,21.294944763457142,18.429490225860715,15.954500470400001
MMR,17.036429746177067,19.632604769777366,23.21989154806067,26.038082293248944,26.70998849211175,25.80049845157165,24.92889462190424,24.608469179709598,24.01495174006038,22.307849372790383,19.697068656872116,17.231695549895367
MNE,3.915317535394204,4.711653845447089,7.0090312958034815,10.57851001195866,15.005392619545532,19.660870415755358,22.89305196441429,22.574041638527685,17.72810282037589,12.37149974265768,7.885510853135714,5.136244092583603
MNG,-17.923470960416978,-14.768708295354001,-7.31748558362959,1.0076998186018353,8.745809671843839,15.247871118750016,18.27172476328706,15.534817489404176,8.411902828661653,0.05634955602052359,-8.418851369757954,-15.727161220642069
MNP,26.540075029700006,26.15751266518393,26.30176980163929,26.846899304960715,27.474794660521432,28.089053017666078,28.362969534707137,28.500105176476783,28.586240495746427,28.510938372408926,28.072519030194645,27.286624363010706
MOZ,25.83858182858907,25.57477252500325,25.086579723074347,24.060369053600542,22.16775829758669,20.49991396316786,20.121078557458222,21.478605757903463,24.14981468790509,26.352347072071748,26.701788700228466,26.113920401583766
MRT,18.305897332563518,21.015017610879852,24.551702590579218,27.542774801128935,30.11648612672574,32.08931164879524,32.85263083866612,32.32129364611209,30.99110904476026,28.016714969509618,23.145111391603756,18.92729287599229
MUS,26.752205439942866,27.252279009410717,27.240474700416076,26.56435557797857,25.281069074492866,23.86568178416964,22.821166991760716,22.3860898697375,22.42413766074107,23.09841701013036,24.387217385812498,25.787149157046425
MWI,23.73934914659179,23.48086133655143,23.09260984168286,22.220074571431073,20.456873757562857,18.844655609255,18.68408878880393,20.417363084538213,23.562519945543574,26.104978397426066,26.038667187944643,24.45182865658214
MYS,26.152488423748448,26.298239050544563,26.855670763039758,27.334767644154663,27.59574795381584,27.487575507462886,27.220519166489282,27.149227829583374,27.13034877415124,27.016531902998597,26.844175823927483,26.477887597787877
NAM,25.006051853695595,24.76784275619155,24.30802314399619,22.640283057692503,19.671344466366186,17.058093624464416,16.49908476345411,18.418813469219707,21.543680318297028,23.986752465565605,24.903710501628574,25.119051033989763
NCL,26.710672287589283,27.316414969502382,27.139798300150602,26.186724163339285,24.623179299389882,23.179158165308927,22.14691289279048,21.787093207880357,22.064713614029763,22.811595190456547,24.06125877042619,25.55473545592916
NER,17.31788584593922,20.209271884585572,24.581333172546596,28.58317418862143,30.734442751926743,31.55838496813148,31.205435312195192,30.163381785645516,29.308243963599086,27.135449558177157,22.36770662794634,17.96497433680665
NGA,23.222585405978684,25.534815801003358,28.16698980935941,29.024769143150973,28.37546787054762,27.560404822764717,26.622464861562438,25.952341121100005,26.421960740119268,26.782292585283113,25.643518192297396,23.378067776661574
NIC,25.796948023954368,26.227852473311906,27.128361050994442,28.034949408792066,28.059274341075003,27.372232588700005,27.351045880783726,27.606414068748418,27.499774266921822,27.044060843184532,26.50674620156071,25.982061234301987
NLD,3.9682450587103406,4.060233602738093,5.173452104906938,7.668090353154133,11.10276483023495,14.55585152741449,16.693514143022448,16.339863368339792,13.802725344273977,10.270586597465714,7.098311288064082,4.9489490743303985
NOR,-5.85958589830554,-6.029154242380021,-4.188275260710889,-0.15460585225398785,4.385317599748696,8.866755548591097,10.959251669642322,9.808616531946672,6.5300107417967945,2.471890811731161,-1.4256658254979815,-4.395653302660214
NPL,2.3545913202205973,4.957149703909283,9.412091639054426,14.319835415190727,18.19059089601714,19.873855986863862,19.177013843491494,17.890516900578117,15.772874707999524,11.558858103786806,6.794156557695414,3.127974473102228
NRU,27.447567531082143,27.325246538603572,27.388525826200002,27.443347386121424,27.539826529935713,27.67830657935,27.661146980767853,27.464069911539287,27.315424238342853,27.29458400162857,27.47767639108215,27.602176121628563
NZL,15.85181586614954,16.231346948112513,15.422386947727295,13.824863239209032,12.09744099178648,10.702279849631541,9.987822746791144,10.051010054039834,10.6485688735424,11.425137383727668,12.704038230931427,14.434522239905814
OMN,20.055918076720584,21.518080702978573,24.63152653075651,28.317937963277103,31.459631719271215,33.39596378087752,33.02592070720903,32.18321016432101,31.06034504843172,28.45150660725294,24.9430497113458,21.298448194306093
PAK,4.668859614636941,7.756697867540871,12.880468752914494,18.360248859509234,23.02644258635147,26.45566762883256,27.082126435879022,25.68255939375777,22.48851499473069,17.265925872228618,10.925386072265194,5.669001876230969
PAN,27.09907843127246,27.25112946198571,27.5706035070398,27.745225867129587,27.465370800700004,27.001464065473463,26.893141299165812,27.0788510377403,27.190834356671935,27.014066268191332,26.952284365637247,27.049851397883156
PER,22.183628195477723,22.335900919605425,22.24728007539034,21.876849446683423,21.001677762669107,20.20228878685066,20.424005144949074,22.143231619220053,23.1489700357952,22.961188066792054,22.531434218227673,22.226243087195332
PHL,26.288936069505628,26.26790287716222,26.985344603305766,27.896509946179666,28.463071928326645,28.456591092370605,28.14210506088997,28.071621318302608,28.048471723557288,27.872632665414976,27.52160921230082,26.867917113221008
PLW,28.05958230156428,27.87501307908214,27.995980398632145,28.29176548555714,28.597676958775008,28.765251160014284,28.70130920425,28.698632376057144,28.73405565531428,28.646294730160722,28.641521998764283,28.46448407856071
PNG,27.415483284544155,27.370571053845563,27.37085317572316,27.258302069392748,26.96930222294058,26.543791205378025,26.205299047009085,26.210128420681713,26.44797694203279,26.745379988453248,27.088006650435826,27.377675539569484
POL,-0.7413618299603169,-0.33412636670741264,2.1615240915283236,6.675050160374246,12.099944644340221,16.452313498668094,18.65902007571746,17.356804257053177,12.94494562274445,7.987360152145356,3.50828491698553,0.5666395519821296
PRI,25.362104688807147,25.00121797833214,24.99651336695,25.34516688755357,25.974808829158935,26.58680180145536,27.146985735523213,27.59903063103215,27.750816344873215,27.515325818276775,26.935003008216068,26.087164197430365
PRK,-9.158344417549532,-6.636202873779936,-0.22012111123965192,6.842532566722637,13.200388326042434,18.05021360325844,20.728451320254546,20.300228862076303,15.798415741143833,9.018307376011105,1.276953660032866,-5.908325343791795
PRT,12.946609185861506,13.002582394460665,13.574181459410664,14.603606165831374,16.41271015063368,18.969643650605867,21.338122620370665,21.949511547652552,20.786903770420157,18.073650827195156,15.556157949136047,13.841499017605384
PRY,28.625432631339077,28.092763756268067,26.661254946610505,24.24903952889454,20.96012461669475,18.2908659223376,18.284098200010398,21.05366439189286,24.44411718569013,26.443351104725,27.759182521579834,28.492763808122692
PSE,11.159194401034105,12.261475699576069,14.876931326662499,18.116901397425,21.794709886814285,25.37944248753036,27.622648511194647,27.903050558871428,25.458351680396426,21.46559579016429,16.292695726598215,12.461877550571431
PYF,27.528236825143573,27.82928030844072,28.00853968964214,27.955565752448564,27.567995997667854,26.964312961986423,26.454776001255716,26.194916643645715,26.23337925512643,26.49705004013572,26.84290400913643,27.19954725013715
QAT,16.61022486028125,18.980707440994646,23.288089752075898,27.85660171488482,32.192289080460704,35.910436630076795,37.4129698610866,36.738047735758926,33.98948533164643,29.19922774164732,23.20892279511429,18.004664285099107
ROU,0.4683109828586542,1.3615271433188563,4.381659298853805,9.081943766560856,14.433593677326188,19.114303080339763,21.97463269932309,21.24246869743095,16.028321765827616,10.253862507982642,5.110877482099492,1.9166652861761648
RUS,-23.461459644541744,-22.385569922153334,-16.405680307518534,-7.433956774198571,2.2478859625409577,9.919739121020266,12.65820084202134,9.90448656880193,3.549043056369893,-4.930640678210898,-14.330876253276339,-20.72370197371426
RWA,20.472094944769648,21.163706642926787,21.55846677503928,21.564641135010714,21.107005527721423,20.817491803796425,21.041622162000003,21.757087161932144,21.975973402112498,21.303665160919643,20.501519339333928,20.135032108964293
SAU,13.747978093326418,16.45789778118171,21.01089487607769,25.556393617093743,29.592049500010777,32.97368242875082,34.097064863225214,33.34510182792165,30.600210772557315,25.895538011234176,19.924640479235194,14.894542853167327
SDN,20.978289316442105,23.11869020317525,26.100880365322922,28.076999694864494,28.86718241388954,29.369302901156153,29.014852705598422,28.44957646894822,28.1439619215867,26.967090288687153,24.170784722853377,21.357393946036915
SEN,24.244125762746755,26.04057222889026,28.175419795282146,29.456062317300333,29.843693721058433,29.483630588950327,28.63215726380844,28.09540914547241,28.47887519711688,28.873412194058766,27.67227390855552,24.89023382031591
SGP,26.915952410185717,26.947826930410713,27.561992100078566,28.26428876588928,28.686943054421437,28.623847961367854,28.34162248886429,28.176975794975,28.1345509121,28.066961015967852,27.83858163059286,27.39244624502857
SLB,28.6533642065013,28.664419991407787,28.643334722939933,28.608301434837667,28.43908721177467,28.083423366614934,27.702209671032787,27.583848730082156,27.719054085750003,27.950446290302914,28.235995106603244,28.539523731475008
SLE,25.945414640917853,27.185208534760203,28.225478658867356,28.174620492368366,27.517457767532136,26.567020337960713,25.740848774629594,25.341062273369385,25.628712712767854,26.213165438920917,26.52998990432807,25.87499330462193
SLV,24.709696088769643,25.491590227823217,26.959659576596426,28.21426119206786,28.107301439410723,27.22396469078572,27.25242451256072,27.36137226655,26.914781842503565,26.204427446712504,25.501380375082146,24.814736502748215
SMR,4.6893419538131065,5.584423610026428,7.777946472312857,10.899395533873214,15.147893633264285,19.869493756974997,23.125559125839285,22.440084185328573,17.82673862933214,12.661550249842858,8.433929443137142,5.712564740710714
SOM,25.03262209190226,25.809190986480594,27.09366273371595,28.250509316646667,28.74689806993416,28.601279522004642,27.664087313268215,27.441327231394176,27.849538021755595,27.140526145049996,26.159564208698566,25.27533358615738
SRB,1.455982889345367,2.4845128738705013,5.296419007609955,9.505214418863572,14.399654115663884,19.029412133779015,22.00059059733706,21.391651834433038,16.16155242923393,10.459068162014685,5.6317146846121435,2.7109500339377486
STP,27.31798389964643,27.69737788647143,28.17582048679642,28.29986953734286,28.095840999416065,27.59477397430893,26.94649669028036,26.57345526538393,26.691555568046425,26.965103694583927,27.146026611292857,27.27299663010714
SUR,27.151505122203183,27.630847506740878,28.291861518696432,28.23870123019008,27.175678798234525,26.14244757773096,26.558845277604764,28.265670534743656,29.48035164518809,29.626898629467853,28.676271105696824,27.499779232126183
SVK,-0.8169538534770903,-0.011794576755249999,2.7992360639898335,7.390561629348164,12.782069147942753,17.142323707803573,19.395402558056126,18.123699421798463,13.371866342750002,8.15576327596551,3.434606435361092,0.41597171708287956
SVN,1.293185097836696,2.2393711635972013,4.715305328253393,8.390004839204463,13.023557935853217,17.484711783612504,20.124371664951788,19.23474066633036,14.691657474830356,9.57113320464411,5.1846553257551795,2.3701487951456746
SWE,-6.946233552936699,-7.122078940743072,-4.614295066415493,0.2902074842931156,5.749533880291248,11.001445861056064,13.351109973584238,11.755333098141582,7.667593365632312,2.953753395687344,-1.5211903405700067,-5.13657426087884
SWZ,22.270534242811607,22.16862542277411,21.315317426393744,19.367137909459824,16.279484612479465,13.945609773653754,13.60220364192455,15.720711299372326,18.79638780849643,20.440243312721428,20.985827582297325,21.777066094285708
SYC,27.74717003936964,27.8398421150875,28.15447889050001,28.33778926318572,27.935576302505357,26.957778930571425,26.144135611287506,25.93791852672143,26.167308807151777,26.68983568478215,27.344887869774997,27.749354771142865
SYR,5.389668510066856,7.413416544406262,11.441544396484733,16.385111218435508,21.678427287328567,26.767669859628274,29.729523431516963,29.19058109434911,24.484257107688983,18.139713105573694,11.058388210485743,6.540258044253032
TCA,24.729020254892863,24.38380977076786,24.42481449682857,24.97201865077857,25.87688991043214,26.811695643721425,27.548274449210716,27.942731584924992,28.00195312448215,27.557996477292853,26.628161838953577,25.54836382216428
TCD,18.280685217116147,21.03468992292756,24.974267635562335,27.913653418908513,29.36348584265995,30.092519902638518,29.674622412704164,28.734519698952557,28.039833172903922,26.42585417051939,22.647356954436315,18.840522584564066
TGO,25.11225019142958,27.31840639704439,29.418470421814792,29.449645528679593,28.389905501952544,27.34829571728265,26.38992091587092,25.804398050015816,26.22242378705204,26.822875665632143,26.630407683838268,25.08771016617143
THA,21.627673689053005,23.97414886466885,27.164995247822,28.96647208050829,28.635568193593,27.25831516773085,26.459126020191142,26.200093601695716,25.84593205021386,24.88282566595843,23.383657357583434,21.633526611447856
TJK,-8.950808979214388,-6.719674836745818,-1.9581764311601304,3.4940289997703036,8.672537939738705,13.657141458172445,16.676152728956605,15.421709878013274,10.24505070241058,3.7731055305709154,-2.390328725146468,-7.339715003866088
TKM,3.089043327072457,5.215949870195305,9.80873908793573,15.866937578512047,22.373803275587726,28.046179682615684,30.551998920352645,28.408915976049535,22.289963953328417,15.201207652498882,8.41433910131239,4.236001151021264
TLS,28.89935498899572,28.644109453893577,28.64732774985072,28.75812094558571,28.483224923386427,27.84843226833429,27.25287933357214,27.0838531494,27.332858058008576,27.965733773625004,28.776306370769998,29.15725010417857
TON,26.890550341249998,27.505230495260715,27.509742737167862,26.81061444999465,25.53497695928571,24.212607792817856,23.28447614386072,22.89423751826428,23.020517621667846,23.619729177883926,24.618925911896433,25.826913560732148
TTO,25.877207437982147,25.820366996091668,26.147996812029753,26.653519039998805,26.998147873298798,27.015778314780952,27.17288571300238,27.70506468305238,27.952503750033326,27.79344177199643,27.241384597353566,26.450940813624992
TUN,11.896277710695964,13.035785633570246,15.30855753155797,17.91380997544203,21.269189436509617,24.995935796739293,27.544402740756322,27.500511001265387,24.650288005683244,20.46911637839835,16.030172997530766,12.847064259887116
TUR,3.9035480756139544,4.796178889599584,7.45235058793074,11.36200421587759,15.987046435079558,20.695891359145673,24.104420453783934,24.07082432890968,19.59108587897732,14.126839315285961,8.741138343516486,5.360099534227648
TUV,28.40599350689048,28.383598690760714,28.393991016200005,28.45231592101428,28.480018251750003,28.436442420211904,28.33567773719167,28.271040416717856,28.266407194526188,28.294535318886908,28.377073378467863,28.438069662010715
TZA,22.840233658838674,23.192797072812755,23.385539152003876,23.01899504331766,22.03034599480214,20.99299428536674,20.780364149232756,21.782690180678163,23.240642470160402,24.10409573937969,23.73628241112653,22.93226237331694
UGA,22.257003868244226,23.331495515203297,23.841765100117858,23.420108334865926,22.49146555818434,22.117767753228577,22.05462503990302,22.4008649048445,22.854298685806867,22.64979410688984,21.883739513048624,21.567731836532424
UKR,-1.7565324744604038,-1.0962118653068544,2.4945904168589523,8.24283995344781,14.525236573261315,19.573945648624083,22.557404187275203,21.501757843895003,15.641040350211487,9.332749814172049,3.801047562612669,0.1373437999544502
URY,26.702813557143752,26.230821609679463,23.849290303070536,19.96951498284866,15.575621332564285,12.612193380150359,12.24327400721853,14.037249428174196,16.68639973206911,19.599777085316074,22.919183458060274,25.52470425184241
USA,-3.5306544221879044,-2.334051373230013,1.119519519359639,6.294055107019745,11.81646268102075,16.48454333066751,18.995610355958714,18.235374272656944,14.13202129764223,8.238007930336343,2.2690251048008867,-1.920439583905076
UZB,-1.7097843911622466,0.46143496772844345,5.718427113034144,12.607900969963442,19.552360456759345,25.22138171346881,27.745437699566843,25.5164364793095,18.830040095168073,11.06595833474256,4.075529526667827,-0.34701689893615434
VCT,25.337678092196427,24.959555489585714,25.001208713803575,25.39010075133214,25.95009612992143,26.472326006642852,26.973738533725005,27.43995557533929,27.618482317271422,27.441074915975005,26.958005632307138,26.10833086316429
VEN,26.14485336664225,26.857180942109384,27.551726890475916,27.62222174773562,26.803255135812957,25.79266077100531,25.648653302450505,26.721615039955918,27.725734632983478,27.690573494102857,26.88138810723378,26.180581664887658
VGB,25.190884181424998,24.77346801737857,24.716416495035723,25.047516959207144,25.682708739960713,26.304834637910712,26.882245744721427,27.384613037117855,27.59309605256428,27.418067932246426,26.841372899032145,25.962768554964278
VIR,25.190884181424998,24.77346801737857,24.716416495035723,25.047516959207144,25.682708739960713,26.304834637910712,26.882245744721427,27.384613037117855,27.59309605256428,27.418067932246426,26.841372899032145,25.962768554964278
VNM,18.857781183149672,20.729853947957775,23.91034712110208,26.521386963979175,27.377042634143606,27.1201888039,26.683798426675445,26.32732650211934,25.432156381152673,23.7594025929756,21.615332194738006,19.345596495130017
VUT,27.871914454535197,28.22921021155102,28.18403407505,27.70555254882194,26.69204291507653,25.577679380907146,24.718352337071938,24.4352658324255,24.708426962190313,25.308896590204593,26.180657990310202,27.15129182807092
WSM,28.28318132644286,28.484973362407146,28.502166747914288,28.407531738503568,27.960367475714285,27.260661534071428,26.6943511966,26.506653921500007,26.68986402231071,27.09554835682143,27.563115800778572,27.976998465371423
YEM,19.91212993456055,21.522082391135232,24.3007871949789,27.206242499480034,29.814733778207145,31.545883178591232,31.02432275728636,30.190011458311854,29.505712137269636,27.00865247663734,24.007362960556495,20.871931942497245
ZAF,23.008625887018173,22.82590813816709,21.7248840332345,19.170672736942034,15.62711574502967,13.055675962881727,12.50333593604027,14.263437588252865,17.2299251722556,19.719745802887672,21.240617913544018,22.445601060564606
ZMB,22.658847082635123,22.560481262295944,22.447131565390002,21.834060523862263,20.20757083037024,18.45599746718464,18.41169077547881,20.670237041988454,24.226367841104288,26.02988902495286,24.660687074373694,23.114810144734637
ZWE,24.55591855772857,24.152473586082372,23.590451444934377,22.233021122894865,19.66959626295491,17.490968295012497,17.263989516859148,19.623576163853794,23.91666323779732,26.753997666813166,26.110335895319643,24.903312819255582
