DATE,DTWEXAFEGS
2015-12-11,110.897
2015-12-14,110.8929
2015-12-15,111.6244
2015-12-16,111.7019
2015-12-17,112.9587
2015-12-18,112.2767
2015-12-21,112.2223
2015-12-22,111.864
2015-12-23,112.1137
2015-12-24,111.5614
2015-12-25,.
2015-12-28,111.6079
2015-12-29,111.8677
2015-12-30,111.9448
2015-12-31,112.1543
2016-01-01,.
2016-01-04,112.6815
2016-01-05,112.9969
2016-01-06,113.1417
2016-01-07,112.6368
2016-01-08,112.7498
2016-01-11,112.8366
2016-01-12,113.4069
2016-01-13,113.2919
2016-01-14,113.5331
2016-01-15,113.4204
2016-01-18,.
2016-01-19,113.8255
2016-01-20,113.8695
2016-01-21,113.5059
2016-01-22,.
2016-01-25,.
2016-01-26,.
2016-01-27,113.0167
2016-01-28,112.6175
2016-01-29,113.6106
2016-02-01,113.0476
2016-02-02,112.9242
2016-02-03,111.3618
2016-02-04,110.2448
2016-02-05,111.0458
2016-02-08,110.8376
2016-02-09,109.96
2016-02-10,110.4287
2016-02-11,109.483
2016-02-12,109.937
2016-02-15,.
2016-02-16,110.6873
2016-02-17,110.2981
2016-02-18,110.4935
2016-02-19,110.3547
2016-02-22,110.7759
2016-02-23,110.9738
2016-02-24,110.8618
2016-02-25,110.5858
2016-02-26,111.1764
2016-02-29,111.1934
2016-03-01,111.1383
2016-03-02,111.1264
2016-03-03,110.3778
2016-03-04,109.9337
2016-03-07,109.8121
2016-03-08,109.8076
2016-03-09,109.4945
2016-03-10,109.2025
2016-03-11,108.6516
2016-03-14,109.2372
2016-03-15,109.4192
2016-03-16,109.7713
2016-03-17,107.1417
2016-03-18,107.2276
2016-03-21,107.6767
2016-03-22,107.9385
2016-03-23,108.7356
2016-03-24,108.9478
2016-03-25,109.001
2016-03-28,108.5308
2016-03-29,108.4564
2016-03-30,107.2481
2016-03-31,106.9887
2016-04-01,107.2941
2016-04-04,107.1233
2016-04-05,107.4998
2016-04-06,106.9109
2016-04-07,107.1817
2016-04-08,106.7213
2016-04-11,106.3249
2016-04-12,106.1727
2016-04-13,106.7379
2016-04-14,106.9594
2016-04-15,106.7728
2016-04-18,106.5089
2016-04-19,105.8325
2016-04-20,106.022
2016-04-21,106.4127
2016-04-22,106.8166
2016-04-25,106.5479
2016-04-26,106.1309
2016-04-27,106.2761
2016-04-28,105.6466
2016-04-29,104.9467
2016-05-02,104.5421
2016-05-03,105.0385
2016-05-04,105.767
2016-05-05,106.0791
2016-05-06,106.1729
2016-05-09,106.6837
2016-05-10,106.7424
2016-05-11,106.0819
2016-05-12,106.4612
2016-05-13,107.1473
2016-05-16,106.8291
2016-05-17,106.7187
2016-05-18,107.0831
2016-05-19,107.8572
2016-05-20,108.1166
2016-05-23,108.1437
2016-05-24,108.1642
2016-05-25,108.0213
2016-05-26,107.5847
2016-05-27,107.861
2016-05-30,.
2016-05-31,108.3072
2016-06-01,108.1013
2016-06-02,108.0017
2016-06-03,106.5888
2016-06-06,106.3563
2016-06-07,106.0492
2016-06-08,105.5288
2016-06-09,105.9605
2016-06-10,106.3433
2016-06-13,106.4531
2016-06-14,106.9066
2016-06-15,106.8927
2016-06-16,107.3903
2016-06-17,106.4262
2016-06-20,105.6972
2016-06-21,105.9603
2016-06-22,105.8524
2016-06-23,105.3935
2016-06-24,107.3837
2016-06-27,108.4561
2016-06-28,108.4589
2016-06-29,107.7448
2016-06-30,108.369
2016-07-01,107.5478
2016-07-04,.
2016-07-05,108.0582
2016-07-06,108.2015
2016-07-07,108.161
2016-07-08,108.4536
2016-07-11,108.794
2016-07-12,108.4636
2016-07-13,108.1364
2016-07-14,108.0648
2016-07-15,108.5978
2016-07-18,108.5105
2016-07-19,109.0716
2016-07-20,109.1576
2016-07-21,109.0358
2016-07-22,109.6903
2016-07-25,109.674
2016-07-26,109.4592
2016-07-27,109.6599
2016-07-28,108.8725
2016-07-29,107.7193
2016-08-01,107.8701
2016-08-02,107.3188
2016-08-03,107.6182
2016-08-04,107.7567
2016-08-05,108.5246
2016-08-08,108.6396
2016-08-09,108.3379
2016-08-10,107.8275
2016-08-11,107.7484
2016-08-12,107.5787
2016-08-15,107.4666
2016-08-16,106.7392
2016-08-17,106.8931
2016-08-18,106.1652
2016-08-19,106.5688
2016-08-22,106.7131
2016-08-23,106.5953
2016-08-24,106.9024
2016-08-25,106.8934
2016-08-26,107.1704
2016-08-29,107.8025
2016-08-30,108.2274
2016-08-31,108.3827
2016-09-01,107.9841
2016-09-02,107.9806
2016-09-05,.
2016-09-06,106.8368
2016-09-07,106.9406
2016-09-08,107.0393
2016-09-09,107.6823
2016-09-12,107.5351
2016-09-13,107.8674
2016-09-14,107.7844
2016-09-15,107.7512
2016-09-16,108.4234
2016-09-19,108.2063
2016-09-20,108.3881
2016-09-21,108.1371
2016-09-22,107.4008
2016-09-23,107.8953
2016-09-26,107.6486
2016-09-27,108.0079
2016-09-28,108.0528
2016-09-29,107.6581
2016-09-30,107.6829
2016-10-03,108.0723
2016-10-04,108.4203
2016-10-05,108.6239
2016-10-06,109.0361
2016-10-07,109.4063
2016-10-10,.
2016-10-11,109.8672
2016-10-12,110.3423
2016-10-13,109.9633
2016-10-14,110.1299
2016-10-17,109.953
2016-10-18,109.7306
2016-10-19,109.8035
2016-10-20,110.2998
2016-10-21,110.9622
2016-10-24,111.0388
2016-10-25,110.9452
2016-10-26,110.8507
2016-10-27,111.1675
2016-10-28,111.1034
2016-10-31,110.8972
2016-11-01,110.3653
2016-11-02,109.743
2016-11-03,109.7153
2016-11-04,109.5406
2016-11-07,110.1828
2016-11-08,110.1605
2016-11-09,110.5827
2016-11-10,111.2892
2016-11-11,.
2016-11-14,112.56
2016-11-15,112.4388
2016-11-16,112.4497
2016-11-17,112.7607
2016-11-18,113.5221
2016-11-21,113.2725
2016-11-22,113.2213
2016-11-23,113.7343
2016-11-24,.
2016-11-25,113.7391
2016-11-28,113.4853
2016-11-29,113.3073
2016-11-30,113.7903
2016-12-01,113.1729
2016-12-02,112.771
2016-12-05,112.4756
2016-12-06,112.5044
2016-12-07,112.2753
2016-12-08,112.9279
2016-12-09,113.2798
2016-12-12,112.8531
2016-12-13,112.6427
2016-12-14,112.5014
2016-12-15,115.319
2016-12-16,114.6382
2016-12-19,114.7293
2016-12-20,115.179
2016-12-21,115.0663
2016-12-22,115.124
2016-12-23,115.3375
2016-12-26,.
2016-12-27,115.3836
2016-12-28,115.7568
2016-12-29,114.9161
2016-12-30,114.3984
2017-01-02,.
2017-01-03,115.2722
2017-01-04,114.5411
2017-01-05,113.3648
2017-01-06,113.8467
2017-01-09,113.807
2017-01-10,113.7601
2017-01-11,114.2164
2017-01-12,112.7565
2017-01-13,113.1299
2017-01-16,.
2017-01-17,112.1411
2017-01-18,112.5984
2017-01-19,113.4657
2017-01-20,.
2017-01-23,112.3466
2017-01-24,112.0464
2017-01-25,111.8006
2017-01-26,112.3774
2017-01-27,112.3902
2017-01-30,112.2562
2017-01-31,111.3255
2017-02-01,111.6629
2017-02-02,111.2349
2017-02-03,111.2773
2017-02-06,111.8733
2017-02-07,112.1282
2017-02-08,111.8928
2017-02-09,112.347
2017-02-10,112.2138
2017-02-13,112.5091
2017-02-14,112.7933
2017-02-15,112.6298
2017-02-16,112.1435
2017-02-17,112.4941
2017-02-20,.
2017-02-21,112.9209
2017-02-22,113.0175
2017-02-23,112.4664
2017-02-24,112.4879
2017-02-27,112.2798
2017-02-28,112.6913
2017-03-01,113.5084
2017-03-02,114.0368
2017-03-03,114.0024
2017-03-06,113.7395
2017-03-07,113.8052
2017-03-08,114.2851
2017-03-09,114.1858
2017-03-10,113.7889
2017-03-13,113.5579
2017-03-14,113.7591
2017-03-15,113.7398
2017-03-16,112.4862
2017-03-17,112.5474
2017-03-20,112.4491
2017-03-21,111.922
2017-03-22,111.9119
2017-03-23,111.919
2017-03-24,111.9624
2017-03-27,111.4285
2017-03-28,111.627
2017-03-29,112.2667
2017-03-30,112.1355
2017-03-31,112.3447
2017-04-03,112.7124
2017-04-04,112.7614
2017-04-05,112.7897
2017-04-06,112.819
2017-04-07,113.0147
2017-04-10,112.9617
2017-04-11,112.6643
2017-04-12,112.551
2017-04-13,112.2778
2017-04-14,112.3255
2017-04-17,111.9863
2017-04-18,111.8588
2017-04-19,112.1562
2017-04-20,111.9411
2017-04-21,112.2867
2017-04-24,111.7592
2017-04-25,111.6803
2017-04-26,112.0392
2017-04-27,112.1477
2017-04-28,112.0212
2017-05-01,111.9575
2017-05-02,112.1814
2017-05-03,112.1286
2017-05-04,112.0946
2017-05-05,111.8127
2017-05-08,112.228
2017-05-09,112.7064
2017-05-10,112.5452
2017-05-11,112.656
2017-05-12,112.3793
2017-05-15,111.9653
2017-05-16,111.3765
2017-05-17,110.8361
2017-05-18,110.7032
2017-05-19,110.3804
2017-05-22,110.0688
2017-05-23,110.2711
2017-05-24,110.3936
2017-05-25,110.1412
2017-05-26,110.4443
2017-05-29,.
2017-05-30,110.2621
2017-05-31,110.0728
2017-06-01,110.2449
2017-06-02,109.9039
2017-06-05,109.9107
2017-06-06,109.6063
2017-06-07,109.8586
2017-06-08,109.9778
2017-06-09,110.2154
2017-06-12,110.1403
2017-06-13,109.6431
2017-06-14,109.0236
2017-06-15,110.0098
2017-06-16,109.7169
2017-06-19,109.8815
2017-06-20,110.3244
2017-06-21,110.3564
2017-06-22,110.1056
2017-06-23,109.8669
2017-06-26,109.8131
2017-06-27,109.3139
2017-06-28,108.5589
2017-06-29,108.1998
2017-06-30,108.1724
2017-07-03,108.5752
2017-07-04,.
2017-07-05,108.7284
2017-07-06,108.2706
2017-07-07,108.3498
2017-07-10,108.383
2017-07-11,108.3934
2017-07-12,107.9004
2017-07-13,107.916
2017-07-14,107.1834
2017-07-17,107.1723
2017-07-18,106.5701
2017-07-19,106.5843
2017-07-20,106.1667
2017-07-21,105.9467
2017-07-24,105.8511
2017-07-25,105.842
2017-07-26,106.0426
2017-07-27,105.9687
2017-07-28,105.253
2017-07-31,104.9844
2017-08-01,105.1935
2017-08-02,104.9893
2017-08-03,105.0261
2017-08-04,105.8477
2017-08-07,105.8596
2017-08-08,106.0922
2017-08-09,105.9604
2017-08-10,105.8538
2017-08-11,105.5465
2017-08-14,105.7776
2017-08-15,106.2951
2017-08-16,106.3704
2017-08-17,105.8959
2017-08-18,105.6647
2017-08-21,105.3232
2017-08-22,105.5996
2017-08-23,105.4706
2017-08-24,105.3959
2017-08-25,104.9292
2017-08-28,104.5121
2017-08-29,104.3041
2017-08-30,105.0945
2017-08-31,105.0157
2017-09-01,104.6601
2017-09-04,.
2017-09-05,104.2831
2017-09-06,103.7284
2017-09-07,103.1479
2017-09-08,102.898
2017-09-11,103.4355
2017-09-12,103.5226
2017-09-13,104.0269
2017-09-14,103.9757
2017-09-15,103.4912
2017-09-18,103.8688
2017-09-19,103.756
2017-09-20,103.6411
2017-09-21,104.1455
2017-09-22,104.0004
2017-09-25,104.5313
2017-09-26,105.0249
2017-09-27,105.2867
2017-09-28,105.3057
2017-09-29,105.2735
2017-10-02,105.6477
2017-10-03,105.6093
2017-10-04,105.5492
2017-10-05,106.0537
2017-10-06,106.0061
2017-10-09,.
2017-10-10,105.4116
2017-10-11,105.3233
2017-10-12,105.2907
2017-10-13,105.1601
2017-10-16,105.3333
2017-10-17,105.8339
2017-10-18,105.6194
2017-10-19,105.3171
2017-10-20,106.0813
2017-10-23,106.1861
2017-10-24,106.338
2017-10-25,106.4371
2017-10-26,106.9618
2017-10-27,107.6253
2017-10-30,107.2084
2017-10-31,107.2435
2017-11-01,107.4424
2017-11-02,107.155
2017-11-03,107.3655
2017-11-06,107.2217
2017-11-07,107.4361
2017-11-08,107.2201
2017-11-09,106.8669
2017-11-10,.
2017-11-13,107.0255
2017-11-14,106.5628
2017-11-15,106.5223
2017-11-16,106.4321
2017-11-17,106.3071
2017-11-20,106.6155
2017-11-21,106.5323
2017-11-22,106.0589
2017-11-23,.
2017-11-24,105.3967
2017-11-27,105.5278
2017-11-28,105.8973
2017-11-29,106.0006
2017-11-30,105.9533
2017-12-01,105.3805
2017-12-04,105.7958
2017-12-05,105.882
2017-12-06,106.2697
2017-12-07,106.4017
2017-12-08,106.7574
2017-12-11,106.5138
2017-12-12,106.947
2017-12-13,106.6581
2017-12-14,106.3804
2017-12-15,106.5167
2017-12-18,106.2927
2017-12-19,106.4503
2017-12-20,106.1028
2017-12-21,105.8889
2017-12-22,106.0499
2017-12-25,.
2017-12-26,105.7906
2017-12-27,105.5176
2017-12-28,105.0486
2017-12-29,104.5264
2018-01-01,.
2018-01-02,104.2753
2018-01-03,104.4986
2018-01-04,104.3853
2018-01-05,104.2045
2018-01-08,104.5016
2018-01-09,104.7842
2018-01-10,104.5552
2018-01-11,104.3024
2018-01-12,103.7988
2018-01-15,.
2018-01-16,102.9847
2018-01-17,103.0384
2018-01-18,102.9386
2018-01-19,102.9726
2018-01-22,103.0218
2018-01-23,102.7377
2018-01-24,101.6814
2018-01-25,101.093
2018-01-26,101.3301
2018-01-29,101.8283
2018-01-30,101.6051
2018-01-31,101.3542
2018-02-01,101.1248
2018-02-02,101.7609
2018-02-05,102.1302
2018-02-06,102.3421
2018-02-07,102.8505
2018-02-08,103.0324
2018-02-09,103.0871
2018-02-12,102.981
2018-02-13,102.3936
2018-02-14,102.0642
2018-02-15,101.4485
2018-02-16,101.5904
2018-02-19,.
2018-02-20,102.3487
2018-02-21,102.7299
2018-02-22,102.6549
2018-02-23,102.5915
2018-02-26,102.7438
2018-02-27,103.1887
2018-02-28,103.4222
2018-03-01,103.5818
2018-03-02,.
2018-03-05,103.2823
2018-03-06,102.7527
2018-03-07,103.06
2018-03-08,103.3237
2018-03-09,103.0503
2018-03-12,103.0434
2018-03-13,102.8821
2018-03-14,103.0345
2018-03-15,103.4317
2018-03-16,103.7423
2018-03-19,103.4335
2018-03-20,103.7347
2018-03-21,.
2018-03-22,103.0347
2018-03-23,102.608
2018-03-26,102.272
2018-03-27,102.4882
2018-03-28,102.9568
2018-03-29,103.2507
2018-03-30,103.1229
2018-04-02,103.2882
2018-04-03,103.157
2018-04-04,103.0578
2018-04-05,103.4225
2018-04-06,103.0902
2018-04-09,102.735
2018-04-10,102.4554
2018-04-11,102.1555
2018-04-12,102.4346
2018-04-13,102.496
2018-04-16,102.1585
2018-04-17,102.2218
2018-04-18,102.3782
2018-04-19,102.6114
2018-04-20,103.2199
2018-04-23,103.9128
2018-04-24,103.8867
2018-04-25,104.2544
2018-04-26,104.5138
2018-04-27,104.6166
2018-04-30,104.7163
2018-05-01,105.3182
2018-05-02,105.4114
2018-05-03,105.3935
2018-05-04,105.4515
2018-05-07,105.5072
2018-05-08,106.0658
2018-05-09,105.8647
2018-05-10,105.58
2018-05-11,105.2458
2018-05-14,105.0935
2018-05-15,105.9395
2018-05-16,106.1329
2018-05-17,106.1243
2018-05-18,106.377
2018-05-21,106.3438
2018-05-22,106.0658
2018-05-23,106.6636
2018-05-24,106.4246
2018-05-25,106.8593
2018-05-28,.
2018-05-29,107.4157
2018-05-30,106.5406
2018-05-31,106.7566
2018-06-01,106.7244
2018-06-04,106.6321
2018-06-05,106.8762
2018-06-06,106.2114
2018-06-07,106.2563
2018-06-08,106.3294
2018-06-11,106.339
2018-06-12,106.3927
2018-06-13,106.4279
2018-06-14,107.352
2018-06-15,107.748
2018-06-18,107.9546
2018-06-19,108.1745
2018-06-20,108.1589
2018-06-21,108.1373
2018-06-22,107.9737
2018-06-25,107.663
2018-06-26,107.767
2018-06-27,108.3037
2018-06-28,108.2915
2018-06-29,107.5817
2018-07-02,108.1244
2018-07-03,107.6799
2018-07-04,.
2018-07-05,107.4056
2018-07-06,107.1123
2018-07-09,107.221
2018-07-10,107.3067
2018-07-11,107.4353
2018-07-12,107.7724
2018-07-13,107.9232
2018-07-16,107.6108
2018-07-17,108.0792
2018-07-18,108.2702
2018-07-19,108.7
2018-07-20,107.7047
2018-07-23,107.6752
2018-07-24,107.7285
2018-07-25,107.5679
2018-07-26,107.6566
2018-07-27,107.5452
2018-07-30,107.1798
2018-07-31,107.3553
2018-08-01,107.4922
2018-08-02,107.7601
2018-08-03,107.6982
2018-08-06,108.0047
2018-08-07,107.8639
2018-08-08,108.0119
2018-08-09,108.0881
2018-08-10,109.0424
2018-08-13,109.0912
2018-08-14,109.2518
2018-08-15,109.4676
2018-08-16,109.2192
2018-08-17,108.92
2018-08-20,108.7651
2018-08-21,108.1846
2018-08-22,107.8153
2018-08-23,108.2169
2018-08-24,107.8655
2018-08-27,107.4849
2018-08-28,107.202
2018-08-29,107.3182
2018-08-30,107.551
2018-08-31,107.9499
2018-09-03,.
2018-09-04,108.5237
2018-09-05,108.2519
2018-09-06,108.1577
2018-09-07,108.3208
2018-09-10,108.1178
2018-09-11,108.1712
2018-09-12,107.6727
2018-09-13,107.48
2018-09-14,107.6344
2018-09-17,107.3797
2018-09-18,107.2804
2018-09-19,107.2101
2018-09-20,106.8918
2018-09-21,107.0335
2018-09-24,106.9305
2018-09-25,106.9858
2018-09-26,107.0776
2018-09-27,107.762
2018-09-28,107.721
2018-10-01,107.7773
2018-10-02,107.8643
2018-10-03,108.1361
2018-10-04,108.3562
2018-10-05,108.3915
2018-10-08,.
2018-10-09,108.3909
2018-10-10,108.1035
2018-10-11,108.0819
2018-10-12,108.0665
2018-10-15,107.728
2018-10-16,107.6738
2018-10-17,108.0853
2018-10-18,108.5037
2018-10-19,108.6017
2018-10-22,108.8955
2018-10-23,108.7489
2018-10-24,109.0078
2018-10-25,109.3039
2018-10-26,109.202
2018-10-29,109.4068
2018-10-30,109.6295
2018-10-31,109.7235
2018-11-01,109.1854
2018-11-02,109.2875
2018-11-05,109.1805
2018-11-06,109.1423
2018-11-07,108.7817
2018-11-08,109.0679
2018-11-09,109.8441
2018-11-12,.
2018-11-13,109.9659
2018-11-14,109.8781
2018-11-15,109.915
2018-11-16,109.3538
2018-11-19,109.1455
2018-11-20,109.5691
2018-11-21,109.7001
2018-11-22,.
2018-11-23,109.806
2018-11-26,109.9085
2018-11-27,110.4227
2018-11-28,110.4018
2018-11-29,109.7757
2018-11-30,110.0581
2018-12-03,109.7121
2018-12-04,109.7275
2018-12-05,.
2018-12-06,110.0248
2018-12-07,109.7461
2018-12-10,110.2509
2018-12-11,110.6136
2018-12-12,110.1075
2018-12-13,110.2256
2018-12-14,110.6018
2018-12-17,110.3477
2018-12-18,110.3411
2018-12-19,109.9667
2018-12-20,110.0484
2018-12-21,110.2462
2018-12-24,110.2462
2018-12-25,.
2018-12-26,110.1564
2018-12-27,110.4078
2018-12-28,110.0553
2018-12-31,109.8869
2019-01-01,.
2019-01-02,110.3055
2019-01-03,109.719
2019-01-04,109.3472
2019-01-07,108.8765
2019-01-08,109.0205
2019-01-09,108.3986
2019-01-10,108.4757
2019-01-11,108.621
2019-01-14,.
2019-01-15,109.1451
2019-01-16,108.9532
2019-01-17,109.1432
2019-01-18,109.3003
2019-01-21,.
2019-01-22,109.3906
2019-01-23,109.226
2019-01-24,109.552
2019-01-25,108.8354
2019-01-28,108.6984
2019-01-29,108.8039
2019-01-30,108.7628
2019-01-31,108.2853
2019-02-01,108.2465
2019-02-04,108.5744
2019-02-05,108.8324
2019-02-06,109.0847
2019-02-07,109.4174
2019-02-08,109.5287
2019-02-11,109.9462
2019-02-12,109.6662
2019-02-13,109.7812
2019-02-14,110.0482
2019-02-15,109.9344
2019-02-18,.
2019-02-19,109.4713
2019-02-20,.
2019-02-21,109.3163
2019-02-22,109.2503
2019-02-25,109.2694
2019-02-26,108.9164
2019-02-27,108.8411
2019-02-28,108.9479
2019-03-01,109.3437
2019-03-04,109.6624
2019-03-05,109.9324
2019-03-06,110.034
2019-03-07,110.4679
2019-03-08,110.3709
2019-03-11,110.3668
2019-03-12,110.068
2019-03-13,109.6316
2019-03-14,109.6767
2019-03-15,109.5935
2019-03-18,109.5745
2019-03-19,109.3844
2019-03-20,109.4943
2019-03-21,109.5537
2019-03-22,109.6945
2019-03-25,109.5878
2019-03-26,109.7331
2019-03-27,109.9956
2019-03-28,110.1447
2019-03-29,110.0942
2019-04-01,110.1097
2019-04-02,110.3685
2019-04-03,109.8951
2019-04-04,110.2257
2019-04-05,110.3761
2019-04-08,109.9544
2019-04-09,109.8521
2019-04-10,109.8353
2019-04-11,110.1011
2019-04-12,109.855
2019-04-15,109.9396
2019-04-16,109.9924
2019-04-17,110.0059
2019-04-18,110.3516
2019-04-19,110.3563
2019-04-22,110.2672
2019-04-23,110.6841
2019-04-24,110.8741
2019-04-25,111.1901
2019-04-26,111.005
2019-04-29,110.9696
2019-04-30,110.6384
2019-05-01,110.3211
2019-05-02,110.8081
2019-05-03,110.5783
2019-05-06,110.5846
2019-05-07,110.7091
2019-05-08,110.5549
2019-05-09,110.4615
2019-05-10,110.2233
2019-05-13,110.3643
2019-05-14,110.5763
2019-05-15,110.5278
2019-05-16,110.7757
2019-05-17,111.0235
2019-05-20,110.8865
2019-05-21,111.0035
2019-05-22,111.0079
2019-05-23,110.9473
2019-05-24,110.7246
2019-05-27,.
2019-05-28,110.9227
2019-05-29,111.2188
2019-05-30,111.2153
2019-05-31,111.0451
2019-06-03,110.629
2019-06-04,110.2787
2019-06-05,110.1862
2019-06-06,109.8617
2019-06-07,109.5148
2019-06-10,109.6384
2019-06-11,109.672
2019-06-12,109.7456
2019-06-13,109.9892
2019-06-14,110.4472
2019-06-17,110.4609
2019-06-18,110.6123
2019-06-19,110.3671
2019-06-20,109.4486
2019-06-21,109.2795
2019-06-24,108.8664
2019-06-25,108.7622
2019-06-26,108.7507
2019-06-27,108.8679
2019-06-28,108.7837
2019-07-01,109.3336
2019-07-02,109.3081
2019-07-03,109.2924
2019-07-04,.
2019-07-05,109.8378
2019-07-08,109.8586
2019-07-09,109.9925
2019-07-10,109.6131
2019-07-11,109.4696
2019-07-12,109.3509
2019-07-15,109.3141
2019-07-16,109.7201
2019-07-17,109.5616
2019-07-18,109.5743
2019-07-19,109.5642
2019-07-22,109.7064
2019-07-23,110.0738
2019-07-24,110.0862
2019-07-25,110.1845
2019-07-26,110.5624
2019-07-29,110.5567
2019-07-30,110.6587
2019-07-31,110.5781
2019-08-01,111.0587
2019-08-02,110.6447
2019-08-05,110.1
2019-08-06,110.345
2019-08-07,110.2177
2019-08-08,110.1821
2019-08-09,110.0324
2019-08-12,110.1248
2019-08-13,110.3893
2019-08-14,110.6861
2019-08-15,110.836
2019-08-16,110.8143
2019-08-19,110.9001
2019-08-20,110.931
2019-08-21,110.8091
2019-08-22,110.8013
2019-08-23,110.4127
2019-08-26,110.6014
2019-08-27,110.6005
2019-08-28,110.7528
2019-08-29,111.0276
2019-08-30,111.3235
2019-09-02,.
2019-09-03,111.4995
2019-09-04,110.9677
2019-09-05,110.8494
2019-09-06,110.6663
2019-09-09,110.5408
2019-09-10,110.644
2019-09-11,111.0375
2019-09-12,110.7401
2019-09-13,110.7883
2019-09-16,111.0342
2019-09-17,110.7939
2019-09-18,110.9258
2019-09-19,110.9116
2019-09-20,111.1031
2019-09-23,111.1336
2019-09-24,110.9673
2019-09-25,111.4478
2019-09-26,111.4879
2019-09-27,111.5001
2019-09-30,111.694
2019-10-01,111.5767
2019-10-02,111.5709
2019-10-03,111.2671
2019-10-04,111.4418
2019-10-07,111.3568
2019-10-08,111.6832
2019-10-09,111.6026
2019-10-10,111.1887
2019-10-11,110.6707
2019-10-14,.
2019-10-15,110.7386
2019-10-16,110.4267
2019-10-17,109.9698
2019-10-18,109.7852
2019-10-21,109.6797
2019-10-22,109.7218
2019-10-23,109.8955
2019-10-24,110.0381
2019-10-25,110.0794
2019-10-28,110.0424
2019-10-29,109.8981
2019-10-30,110.1227
2019-10-31,109.7134
2019-11-01,109.6327
2019-11-04,109.844
2019-11-05,110.3583
2019-11-06,110.3147
2019-11-07,110.5426
2019-11-08,110.778
2019-11-11,.
2019-11-12,110.7176
2019-11-13,110.7642
2019-11-14,110.6533
2019-11-15,110.5183
2019-11-18,110.24
2019-11-19,110.3623
2019-11-20,110.6388
2019-11-21,110.5168
2019-11-22,110.8329
2019-11-25,110.9473
2019-11-26,110.9214
2019-11-27,110.9764
2019-11-28,.
2019-11-29,110.8929
2019-12-02,110.5639
2019-12-03,110.3278
2019-12-04,110.1523
2019-12-05,109.8653
2019-12-06,110.3007
2019-12-09,110.1319
2019-12-10,110.0369
2019-12-11,109.9284
2019-12-12,109.8869
2019-12-13,109.679
2019-12-16,109.6024
2019-12-17,109.7425
2019-12-18,109.8397
2019-12-19,109.7484
2019-12-20,110.1076
2019-12-23,110.1383
2019-12-24,.
2019-12-25,.
2019-12-26,109.9291
2019-12-27,109.3647
2019-12-30,108.9868
2019-12-31,108.5787
2020-01-01,.
2020-01-02,109.0416
2020-01-03,108.9542
2020-01-06,108.8501
2020-01-07,109.2669
2020-01-08,109.453
2020-01-09,109.7493
2020-01-10,109.6041
2020-01-13,109.6305
2020-01-14,109.6452
2020-01-15,109.4374
2020-01-16,109.562
2020-01-17,109.858
2020-01-20,.
2020-01-21,109.798
2020-01-22,109.9291
2020-01-23,110.087
2020-01-24,110.1851
2020-01-27,110.2787
2020-01-28,110.4277
2020-01-29,110.4982
2020-01-30,110.2661
2020-01-31,109.9446
2020-02-03,110.3947
2020-02-04,110.4833
2020-02-05,110.7777
2020-02-06,110.9818
2020-02-07,111.1866
2020-02-10,111.3553
2020-02-11,111.2402
2020-02-12,111.1902
2020-02-13,111.3323
2020-02-14,111.3931
2020-02-17,.
2020-02-18,111.5428
2020-02-19,111.8584
2020-02-20,112.0769
2020-02-21,111.596
2020-02-24,111.6333
2020-02-25,111.4771
2020-02-26,111.5959
2020-02-27,111.2865
2020-02-28,111.1599
2020-03-02,110.2259
2020-03-03,110.031
2020-03-04,110.378
2020-03-05,109.8067
2020-03-06,109.065
2020-03-09,108.4191
2020-03-10,109.6964
2020-03-11,110.0764
2020-03-12,111.8235
2020-03-13,112.5503
2020-03-16,112.117
2020-03-17,113.9844
2020-03-18,115.8997
2020-03-19,116.7218
2020-03-20,116.6651
2020-03-23,117.0314
2020-03-24,116.3219
2020-03-25,115.8082
2020-03-26,113.554
2020-03-27,112.994
2020-03-30,113.3548
2020-03-31,113.1253
2020-04-01,113.7338
2020-04-02,113.9754
2020-04-03,114.607
2020-04-06,114.488
2020-04-07,113.6584
2020-04-08,113.7453
2020-04-09,113.1979
2020-04-10,113.03
2020-04-13,113.0487
2020-04-14,112.4417
2020-04-15,113.3633
2020-04-16,113.9005
2020-04-17,113.3138
2020-04-20,113.4944
2020-04-21,114.1541
2020-04-22,114.0469
2020-04-23,113.7838
2020-04-24,114.0371
2020-04-27,113.625
2020-04-28,113.3663
2020-04-29,113.1421
2020-04-30,112.568
2020-05-01,112.816
2020-05-04,113.2658
2020-05-05,113.3538
2020-05-06,113.853
2020-05-07,113.4243
2020-05-08,113.0004
2020-05-11,113.738
2020-05-12,113.4361
2020-05-13,113.7895
2020-05-14,114.0319
2020-05-15,114.0747
2020-05-18,113.262
2020-05-19,112.9568
2020-05-20,112.7217
2020-05-21,113.0293
2020-05-22,113.4962
2020-05-25,.
2020-05-26,112.5018
2020-05-27,112.5981
2020-05-28,111.9493
2020-05-29,111.9067
2020-06-01,111.1255
2020-06-02,110.8008
2020-06-03,110.3499
2020-06-04,110.0859
2020-06-05,109.9838
2020-06-08,109.7209
2020-06-09,109.4504
2020-06-10,109.2135
2020-06-11,109.5639
2020-06-12,110.4061
2020-06-15,110.386
2020-06-16,110.2471
2020-06-17,110.468
2020-06-18,110.5902
2020-06-19,110.7996
2020-06-22,110.2477
2020-06-23,109.7404
2020-06-24,110.3491
2020-06-25,110.765
2020-06-26,110.9364
2020-06-29,110.9733
2020-06-30,110.6861
2020-07-01,110.3637
2020-07-02,110.4891
2020-07-03,.
2020-07-06,110.0458
2020-07-07,110.0767
2020-07-08,109.7969
2020-07-09,109.9805
2020-07-10,109.8242
2020-07-13,109.6898
2020-07-14,109.6639
2020-07-15,109.4136
2020-07-16,109.325
2020-07-17,109.4268
2020-07-20,109.2249
2020-07-21,108.6211
2020-07-22,108.2016
2020-07-23,107.8932
2020-07-24,107.8095
2020-07-27,107.1046
2020-07-28,107.0005
2020-07-29,106.8439
2020-07-30,106.8661
2020-07-31,106.6284
2020-08-03,107.1256
2020-08-04,106.8938
2020-08-05,105.9492
2020-08-06,106.2002
2020-08-07,106.9255
2020-08-10,106.8651
2020-08-11,106.8222
2020-08-12,106.6257
2020-08-13,106.4366
2020-08-14,106.3837
2020-08-17,106.0463
2020-08-18,105.5794
2020-08-19,105.7912
2020-08-20,105.95
2020-08-21,106.452
2020-08-24,106.3923
2020-08-25,106.272
2020-08-26,106.0837
2020-08-27,105.9434
2020-08-28,105.3497
2020-08-31,105.0275
2020-09-01,105.0846
2020-09-02,105.6619
2020-09-03,105.9107
2020-09-04,105.9588
2020-09-07,.
2020-09-08,106.4429
2020-09-09,106.3115
2020-09-10,106.1651
2020-09-11,106.4541
2020-09-14,106.1101
2020-09-15,106.2669
2020-09-16,106.0319
2020-09-17,106.1963
2020-09-18,105.9651
2020-09-21,106.9305
2020-09-22,107.2363
2020-09-23,107.5441
2020-09-24,107.6546
2020-09-25,108.003
2020-09-28,107.5599
2020-09-29,107.4246
2020-09-30,107.0834
2020-10-01,106.8923
2020-10-02,107.1137
2020-10-05,106.6761
2020-10-06,106.7441
2020-10-07,106.8858
2020-10-08,106.7646
2020-10-09,106.1271
2020-10-12,.
2020-10-13,106.5273
2020-10-14,106.3597
2020-10-15,106.9563
2020-10-16,106.7811
2020-10-19,106.3379
2020-10-20,106.1869
2020-10-21,105.7003
2020-10-22,105.9842
2020-10-23,105.9628
2020-10-26,106.245
2020-10-27,105.9358
2020-10-28,106.7143
2020-10-29,107.375
2020-10-30,107.2655
2020-11-02,107.2156
2020-11-03,106.3411
2020-11-04,106.2544
2020-11-05,105.579
2020-11-06,105.1289
2020-11-09,105.6771
2020-11-10,105.6158
2020-11-11,.
2020-11-12,105.9045
2020-11-13,105.9067
2020-11-16,105.5605
2020-11-17,105.4899
2020-11-18,105.2027
2020-11-19,105.4958
2020-11-20,105.3408
2020-11-23,105.6001
2020-11-24,105.2113
2020-11-25,104.9377
2020-11-26,.
2020-11-27,.
2020-11-30,104.7971
2020-12-01,104.3473
2020-12-02,104.1198
2020-12-03,103.5071
2020-12-04,103.4307
2020-12-07,103.5116
2020-12-08,103.663
2020-12-09,103.7151
2020-12-10,103.4836
2020-12-11,103.6346
